Workbook

Sheet つかいかた
B1: カードの強さ かんがえるシート（職員用）
B3: このファイルは、カードの強さ（HP・ワザのダメージ）を、職員で楽に考えるためのテンプレートです。
B4: 黄色のマスに入力すると、「強さ点」と「ランク（A・B・C）」が自動で計算されます。
B6: 【つかいかた】
B7: ① 「設定」シートで、強さ点の計算の仕方、ランクの境目、デッキの枚数制限を決める。（最初から例が入っています）
B8: ② 「カード一覧」シートに、カードのなまえ・HP・ワザのダメージ・エネルギーの数を入力する。
B9: ③ 「強さ点」「ランク」「チェック」が自動で出る。チェックに「確認」と出たら、数字を見直す。
B10: ④ 子どもがデッキを作ったら、「デッキチェック」シートに、カードのNo.を入れて、枚数制限を守れているか調べる。
B12: 【強さ点のきまり（例）】
B13: 強さ点 ＝ HP ÷ 10 ＋ いちばん大きいワザのダメージ ÷ 10 ＋ 特別な効果の点（0〜3）
B14: ※ ÷10の数字や、ランクの境目は、「設定」シートで変えられます。数字はすべて例です。実際に遊んでみて、職員で調整してください。

Sheet 設定
A1: こうもく | B1: 数字 | C1: せつめい
A2: 【強さ点の計算】
A3: HPを何で割るか | B3: 10 | C3: 強さ点 ＝ HP ÷ この数
A4: ダメージを何で割るか | B4: 10 | C4: 強さ点 ＝ いちばん大きいワザのダメージ ÷ この数
A5: 【ランクの境目】
A6: Bランクになる強さ点（これ以上） | B6: 10 | C6: この点数以上で、Bランク
A7: Aランクになる強さ点（これ以上） | B7: 14 | C7: この点数以上で、Aランク。それより下はCランク
A8: 【デッキの枚数制限】
A9: デッキのポケモンの枚数 | B9: 8 | C9: デッキ20枚のうち、ポケモンの枚数
A10: Aランクは何枚まで | B10: 1 | C10: 強いカードの上限
A11: Bランクは何枚まで | B11: 3 | C11: ふつうのカードの上限
A12: Cランクは何枚まで | B12: 8 | C12: 制限なしにしたいときは、ポケモンの枚数と同じにする
A13: 【カードの数字の目安（はんい）】
A14: HPの下限 | B14: 40 | C14: これより小さいと、チェックに「確認」と出る
A15: HPの上限 | B15: 100 | C15: これより大きいと、チェックに「確認」と出る
A16: エネルギー1個のワザの、ダメージ上限 | B16: 30 | C16: エネルギー1個のワザは、これ以下
A17: エネルギー2個のワザの、ダメージ上限 | B17: 60 | C17: エネルギー2個のワザは、これ以下
A18: エネルギー3個以上のワザの、ダメージ上限 | B18: 90 | C18: エネルギー3個以上のワザは、これ以下

Sheet カード一覧
A1: No. | B1: カードのなまえ | C1: タイプ | D1: HP | E1: ワザ1の なまえ | F1: ワザ1の ダメージ | G1: ワザ1の エネルギー数 | H1: ワザ2の なまえ | I1: ワザ2の ダメージ | J1: ワザ2の エネルギー数 | K1: にげる エネルギー数 | L1: 特別な効果の点 （0〜3） | M1: 強さ点 （自動） | N1: ランク （自動） | O1: チェック （自動）
A2: 1 | B2: ばくえんリュウ | C2: ほのお | D2: 90 | E2: ひのたま | F2: 30 | G2: 1 | H2: だいもんじ | I2: 60 | J2: 2 | K2: 1 | L2: 0 | M2: =IF(D2="","",ROUND(D2/設定!$B$3+MAX(F2,I2)/設定!$B$4+L2,1)) | N2: =IF(M2="","",IF(M2>=設定!$B$7,"A",IF(M2>=設定!$B$6,"B","C"))) | O2: =IF(D2="","",IF(OR(D2<設定!$B$14,D2>設定!$B$15),"HPを確認",IF(OR(F2>IF(G2=1,設定!$B$16,IF(G2=2,設定!$B$17,設定!$B$18)),I2>IF(J2=1,設定!$B$16,IF(J2=2,設定!$B$17,設定!$B$18))),"ダメージを確認","OK")))
A3: 2 | B3: あらしクジラ | C3: みず | D3: 100 | E3: みずしぶき | F3: 20 | G3: 1 | H3: だいこうずい | I3: 60 | J3: 2 | K3: 1 | L3: 0 | M3: =IF(D3="","",ROUND(D3/設定!$B$3+MAX(F3,I3)/設定!$B$4+L3,1)) | N3: =IF(M3="","",IF(M3>=設定!$B$7,"A",IF(M3>=設定!$B$6,"B","C"))) | O3: =IF(D3="","",IF(OR(D3<設定!$B$14,D3>設定!$B$15),"HPを確認",IF(OR(F3>IF(G3=1,設定!$B$16,IF(G3=2,設定!$B$17,設定!$B$18)),I3>IF(J3=1,設定!$B$16,IF(J3=2,設定!$B$17,設定!$B$18))),"ダメージを確認","OK")))
A4: 3 | B4: ひふきトカゲ | C4: ほのお | D4: 60 | E4: ひのこ | F4: 20 | G4: 1 | H4: ほのおのしっぽ | I4: 50 | J4: 2 | K4: 1 | L4: 0 | M4: =IF(D4="","",ROUND(D4/設定!$B$3+MAX(F4,I4)/設定!$B$4+L4,1)) | N4: =IF(M4="","",IF(M4>=設定!$B$7,"A",IF(M4>=設定!$B$6,"B","C"))) | O4: =IF(D4="","",IF(OR(D4<設定!$B$14,D4>設定!$B$15),"HPを確認",IF(OR(F4>IF(G4=1,設定!$B$16,IF(G4=2,設定!$B$17,設定!$B$18)),I4>IF(J4=1,設定!$B$16,IF(J4=2,設定!$B$17,設定!$B$18))),"ダメージを確認","OK")))
A5: 4 | B5: あめふりガエル | C5: みず | D5: 70 | E5: みずでっぽう | F5: 20 | G5: 1 | H5: ずぶぬれ | I5: 50 | J5: 2 | K5: 1 | L5: 0 | M5: =IF(D5="","",ROUND(D5/設定!$B$3+MAX(F5,I5)/設定!$B$4+L5,1)) | N5: =IF(M5="","",IF(M5>=設定!$B$7,"A",IF(M5>=設定!$B$6,"B","C"))) | O5: =IF(D5="","",IF(OR(D5<設定!$B$14,D5>設定!$B$15),"HPを確認",IF(OR(F5>IF(G5=1,設定!$B$16,IF(G5=2,設定!$B$17,設定!$B$18)),I5>IF(J5=1,設定!$B$16,IF(J5=2,設定!$B$17,設定!$B$18))),"ダメージを確認","OK")))
A6: 5 | B6: はっぱウサギ | C6: くさ | D6: 60 | E6: はっぱカッター | F6: 20 | G6: 1 | H6: ふわタックル | I6: 50 | J6: 2 | K6: 1 | L6: 0 | M6: =IF(D6="","",ROUND(D6/設定!$B$3+MAX(F6,I6)/設定!$B$4+L6,1)) | N6: =IF(M6="","",IF(M6>=設定!$B$7,"A",IF(M6>=設定!$B$6,"B","C"))) | O6: =IF(D6="","",IF(OR(D6<設定!$B$14,D6>設定!$B$15),"HPを確認",IF(OR(F6>IF(G6=1,設定!$B$16,IF(G6=2,設定!$B$17,設定!$B$18)),I6>IF(J6=1,設定!$B$16,IF(J6=2,設定!$B$17,設定!$B$18))),"ダメージを確認","OK")))
A7: 6 | B7: ちびキツネ | C7: ほのお | D7: 50 | E7: ぽっぽひ | F7: 10 | G7: 1 | H7: ほのおダッシュ | I7: 30 | J7: 2 | K7: 1 | L7: 0 | M7: =IF(D7="","",ROUND(D7/設定!$B$3+MAX(F7,I7)/設定!$B$4+L7,1)) | N7: =IF(M7="","",IF(M7>=設定!$B$7,"A",IF(M7>=設定!$B$6,"B","C"))) | O7: =IF(D7="","",IF(OR(D7<設定!$B$14,D7>設定!$B$15),"HPを確認",IF(OR(F7>IF(G7=1,設定!$B$16,IF(G7=2,設定!$B$17,設定!$B$18)),I7>IF(J7=1,設定!$B$16,IF(J7=2,設定!$B$17,設定!$B$18))),"ダメージを確認","OK")))
A8: 7 | B8: ちびカメ | C8: みず | D8: 40 | E8: あわ | F8: 10 | G8: 1 | H8: ころころタックル | I8: 40 | J8: 2 | K8: 1 | L8: 0 | M8: =IF(D8="","",ROUND(D8/設定!$B$3+MAX(F8,I8)/設定!$B$4+L8,1)) | N8: =IF(M8="","",IF(M8>=設定!$B$7,"A",IF(M8>=設定!$B$6,"B","C"))) | O8: =IF(D8="","",IF(OR(D8<設定!$B$14,D8>設定!$B$15),"HPを確認",IF(OR(F8>IF(G8=1,設定!$B$16,IF(G8=2,設定!$B$17,設定!$B$18)),I8>IF(J8=1,設定!$B$16,IF(J8=2,設定!$B$17,設定!$B$18))),"ダメージを確認","OK")))
A9: 8 | B9: きのこぼうず | C9: くさ | D9: 50 | E9: ぽふぽふ | F9: 10 | G9: 1 | H9: ほうしこうげき | I9: 30 | J9: 2 | K9: 1 | L9: 0 | M9: =IF(D9="","",ROUND(D9/設定!$B$3+MAX(F9,I9)/設定!$B$4+L9,1)) | N9: =IF(M9="","",IF(M9>=設定!$B$7,"A",IF(M9>=設定!$B$6,"B","C"))) | O9: =IF(D9="","",IF(OR(D9<設定!$B$14,D9>設定!$B$15),"HPを確認",IF(OR(F9>IF(G9=1,設定!$B$16,IF(G9=2,設定!$B$17,設定!$B$18)),I9>IF(J9=1,設定!$B$16,IF(J9=2,設定!$B$17,設定!$B$18))),"ダメージを確認","OK")))
A10: 9 | B10: ひまわりヒヨコ | C10: くさ | D10: 60 | E10: つつく | F10: 10 | G10: 1 | H10: ひかりのたね | I10: 30 | J10: 2 | K10: 1 | L10: 0 | M10: =IF(D10="","",ROUND(D10/設定!$B$3+MAX(F10,I10)/設定!$B$4+L10,1)) | N10: =IF(M10="","",IF(M10>=設定!$B$7,"A",IF(M10>=設定!$B$6,"B","C"))) | O10: =IF(D10="","",IF(OR(D10<設定!$B$14,D10>設定!$B$15),"HPを確認",IF(OR(F10>IF(G10=1,設定!$B$16,IF(G10=2,設定!$B$17,設定!$B$18)),I10>IF(J10=1,設定!$B$16,IF(J10=2,設定!$B$17,設定!$B$18))),"ダメージを確認","OK")))
A11: 10 | M11: =IF(D11="","",ROUND(D11/設定!$B$3+MAX(F11,I11)/設定!$B$4+L11,1)) | N11: =IF(M11="","",IF(M11>=設定!$B$7,"A",IF(M11>=設定!$B$6,"B","C"))) | O11: =IF(D11="","",IF(OR(D11<設定!$B$14,D11>設定!$B$15),"HPを確認",IF(OR(F11>IF(G11=1,設定!$B$16,IF(G11=2,設定!$B$17,設定!$B$18)),I11>IF(J11=1,設定!$B$16,IF(J11=2,設定!$B$17,設定!$B$18))),"ダメージを確認","OK")))
A12: 11 | M12: =IF(D12="","",ROUND(D12/設定!$B$3+MAX(F12,I12)/設定!$B$4+L12,1)) | N12: =IF(M12="","",IF(M12>=設定!$B$7,"A",IF(M12>=設定!$B$6,"B","C"))) | O12: =IF(D12="","",IF(OR(D12<設定!$B$14,D12>設定!$B$15),"HPを確認",IF(OR(F12>IF(G12=1,設定!$B$16,IF(G12=2,設定!$B$17,設定!$B$18)),I12>IF(J12=1,設定!$B$16,IF(J12=2,設定!$B$17,設定!$B$18))),"ダメージを確認","OK")))
A13: 12 | M13: =IF(D13="","",ROUND(D13/設定!$B$3+MAX(F13,I13)/設定!$B$4+L13,1)) | N13: =IF(M13="","",IF(M13>=設定!$B$7,"A",IF(M13>=設定!$B$6,"B","C"))) | O13: =IF(D13="","",IF(OR(D13<設定!$B$14,D13>設定!$B$15),"HPを確認",IF(OR(F13>IF(G13=1,設定!$B$16,IF(G13=2,設定!$B$17,設定!$B$18)),I13>IF(J13=1,設定!$B$16,IF(J13=2,設定!$B$17,設定!$B$18))),"ダメージを確認","OK")))
A14: 13 | M14: =IF(D14="","",ROUND(D14/設定!$B$3+MAX(F14,I14)/設定!$B$4+L14,1)) | N14: =IF(M14="","",IF(M14>=設定!$B$7,"A",IF(M14>=設定!$B$6,"B","C"))) | O14: =IF(D14="","",IF(OR(D14<設定!$B$14,D14>設定!$B$15),"HPを確認",IF(OR(F14>IF(G14=1,設定!$B$16,IF(G14=2,設定!$B$17,設定!$B$18)),I14>IF(J14=1,設定!$B$16,IF(J14=2,設定!$B$17,設定!$B$18))),"ダメージを確認","OK")))
A15: 14 | M15: =IF(D15="","",ROUND(D15/設定!$B$3+MAX(F15,I15)/設定!$B$4+L15,1)) | N15: =IF(M15="","",IF(M15>=設定!$B$7,"A",IF(M15>=設定!$B$6,"B","C"))) | O15: =IF(D15="","",IF(OR(D15<設定!$B$14,D15>設定!$B$15),"HPを確認",IF(OR(F15>IF(G15=1,設定!$B$16,IF(G15=2,設定!$B$17,設定!$B$18)),I15>IF(J15=1,設定!$B$16,IF(J15=2,設定!$B$17,設定!$B$18))),"ダメージを確認","OK")))
A16: 15 | M16: =IF(D16="","",ROUND(D16/設定!$B$3+MAX(F16,I16)/設定!$B$4+L16,1)) | N16: =IF(M16="","",IF(M16>=設定!$B$7,"A",IF(M16>=設定!$B$6,"B","C"))) | O16: =IF(D16="","",IF(OR(D16<設定!$B$14,D16>設定!$B$15),"HPを確認",IF(OR(F16>IF(G16=1,設定!$B$16,IF(G16=2,設定!$B$17,設定!$B$18)),I16>IF(J16=1,設定!$B$16,IF(J16=2,設定!$B$17,設定!$B$18))),"ダメージを確認","OK")))
A17: 16 | M17: =IF(D17="","",ROUND(D17/設定!$B$3+MAX(F17,I17)/設定!$B$4+L17,1)) | N17: =IF(M17="","",IF(M17>=設定!$B$7,"A",IF(M17>=設定!$B$6,"B","C"))) | O17: =IF(D17="","",IF(OR(D17<設定!$B$14,D17>設定!$B$15),"HPを確認",IF(OR(F17>IF(G17=1,設定!$B$16,IF(G17=2,設定!$B$17,設定!$B$18)),I17>IF(J17=1,設定!$B$16,IF(J17=2,設定!$B$17,設定!$B$18))),"ダメージを確認","OK")))
A18: 17 | M18: =IF(D18="","",ROUND(D18/設定!$B$3+MAX(F18,I18)/設定!$B$4+L18,1)) | N18: =IF(M18="","",IF(M18>=設定!$B$7,"A",IF(M18>=設定!$B$6,"B","C"))) | O18: =IF(D18="","",IF(OR(D18<設定!$B$14,D18>設定!$B$15),"HPを確認",IF(OR(F18>IF(G18=1,設定!$B$16,IF(G18=2,設定!$B$17,設定!$B$18)),I18>IF(J18=1,設定!$B$16,IF(J18=2,設定!$B$17,設定!$B$18))),"ダメージを確認","OK")))
A19: 18 | M19: =IF(D19="","",ROUND(D19/設定!$B$3+MAX(F19,I19)/設定!$B$4+L19,1)) | N19: =IF(M19="","",IF(M19>=設定!$B$7,"A",IF(M19>=設定!$B$6,"B","C"))) | O19: =IF(D19="","",IF(OR(D19<設定!$B$14,D19>設定!$B$15),"HPを確認",IF(OR(F19>IF(G19=1,設定!$B$16,IF(G19=2,設定!$B$17,設定!$B$18)),I19>IF(J19=1,設定!$B$16,IF(J19=2,設定!$B$17,設定!$B$18))),"ダメージを確認","OK")))
A20: 19 | M20: =IF(D20="","",ROUND(D20/設定!$B$3+MAX(F20,I20)/設定!$B$4+L20,1)) | N20: =IF(M20="","",IF(M20>=設定!$B$7,"A",IF(M20>=設定!$B$6,"B","C"))) | O20: =IF(D20="","",IF(OR(D20<設定!$B$14,D20>設定!$B$15),"HPを確認",IF(OR(F20>IF(G20=1,設定!$B$16,IF(G20=2,設定!$B$17,設定!$B$18)),I20>IF(J20=1,設定!$B$16,IF(J20=2,設定!$B$17,設定!$B$18))),"ダメージを確認","OK")))
A21: 20 | M21: =IF(D21="","",ROUND(D21/設定!$B$3+MAX(F21,I21)/設定!$B$4+L21,1)) | N21: =IF(M21="","",IF(M21>=設定!$B$7,"A",IF(M21>=設定!$B$6,"B","C"))) | O21: =IF(D21="","",IF(OR(D21<設定!$B$14,D21>設定!$B$15),"HPを確認",IF(OR(F21>IF(G21=1,設定!$B$16,IF(G21=2,設定!$B$17,設定!$B$18)),I21>IF(J21=1,設定!$B$16,IF(J21=2,設定!$B$17,設定!$B$18))),"ダメージを確認","OK")))
A22: 21 | M22: =IF(D22="","",ROUND(D22/設定!$B$3+MAX(F22,I22)/設定!$B$4+L22,1)) | N22: =IF(M22="","",IF(M22>=設定!$B$7,"A",IF(M22>=設定!$B$6,"B","C"))) | O22: =IF(D22="","",IF(OR(D22<設定!$B$14,D22>設定!$B$15),"HPを確認",IF(OR(F22>IF(G22=1,設定!$B$16,IF(G22=2,設定!$B$17,設定!$B$18)),I22>IF(J22=1,設定!$B$16,IF(J22=2,設定!$B$17,設定!$B$18))),"ダメージを確認","OK")))
... A41: 40 | M41: =IF(D41="","",ROUND(D41/設定!$B$3+MAX(F41,I41)/設定!$B$4+L41,1)) | N41: =IF(M41="","",IF(M41>=設定!$B$7,"A",IF(M41>=設定!$B$6,"B","C"))) | O41: =IF(D41="","",IF(OR(D41<設定!$B$14,D41>設定!$B$15),"HPを確認",IF(OR(F41>IF(G41=1,設定!$B$16,IF(G41=2,設定!$B$17,設定!$B$18)),I41>IF(J41=1,設定!$B$16,IF(J41=2,設定!$B$17,設定!$B$18))),"ダメージを確認","OK")))

Sheet デッキチェック
A1: 子どもの なまえ | B1: カード1 のNo. | C1: カード2 のNo. | D1: カード3 のNo. | E1: カード4 のNo. | F1: カード5 のNo. | G1: カード6 のNo. | H1: カード7 のNo. | I1: カード8 のNo. | J1: Aランク の枚数 | K1: Bランク の枚数 | L1: Cランク の枚数 | M1: はんてい
A2: （れい） | B2: 1 | C2: 3 | D2: 4 | E2: 5 | F2: 6 | G2: 7 | H2: 8 | I2: 9 | J2: =SUMPRODUCT(COUNTIF($B2:$I2,カード一覧!$A$2:$A$41)*(カード一覧!$N$2:$N$41="A")) | K2: =SUMPRODUCT(COUNTIF($B2:$I2,カード一覧!$A$2:$A$41)*(カード一覧!$N$2:$N$41="B")) | L2: =SUMPRODUCT(COUNTIF($B2:$I2,カード一覧!$A$2:$A$41)*(カード一覧!$N$2:$N$41="C")) | M2: =IF(COUNTA(B2:I2)=0,"",IF(COUNTA(B2:I2)<設定!$B$9,"カードが足りません（"&COUNTA(B2:I2)&"枚）",IF(COUNTA(B2:I2)>設定!$B$9,"カードが多すぎます",IF(J2>設定!$B$10,"Aランクが多すぎます",IF(K2>設定!$B$11,"Bランクが多すぎます",IF(L2>設定!$B$12,"Cランクが多すぎます","OK"))))))
J3: =SUMPRODUCT(COUNTIF($B3:$I3,カード一覧!$A$2:$A$41)*(カード一覧!$N$2:$N$41="A")) | K3: =SUMPRODUCT(COUNTIF($B3:$I3,カード一覧!$A$2:$A$41)*(カード一覧!$N$2:$N$41="B")) | L3: =SUMPRODUCT(COUNTIF($B3:$I3,カード一覧!$A$2:$A$41)*(カード一覧!$N$2:$N$41="C")) | M3: =IF(COUNTA(B3:I3)=0,"",IF(COUNTA(B3:I3)<設定!$B$9,"カードが足りません（"&COUNTA(B3:I3)&"枚）",IF(COUNTA(B3:I3)>設定!$B$9,"カードが多すぎます",IF(J3>設定!$B$10,"Aランクが多すぎます",IF(K3>設定!$B$11,"Bランクが多すぎます",IF(L3>設定!$B$12,"Cランクが多すぎます","OK"))))))
J4: =SUMPRODUCT(COUNTIF($B4:$I4,カード一覧!$A$2:$A$41)*(カード一覧!$N$2:$N$41="A")) | K4: =SUMPRODUCT(COUNTIF($B4:$I4,カード一覧!$A$2:$A$41)*(カード一覧!$N$2:$N$41="B")) | L4: =SUMPRODUCT(COUNTIF($B4:$I4,カード一覧!$A$2:$A$41)*(カード一覧!$N$2:$N$41="C")) | M4: =IF(COUNTA(B4:I4)=0,"",IF(COUNTA(B4:I4)<設定!$B$9,"カードが足りません（"&COUNTA(B4:I4)&"枚）",IF(COUNTA(B4:I4)>設定!$B$9,"カードが多すぎます",IF(J4>設定!$B$10,"Aランクが多すぎます",IF(K4>設定!$B$11,"Bランクが多すぎます",IF(L4>設定!$B$12,"Cランクが多すぎます","OK"))))))
J5: =SUMPRODUCT(COUNTIF($B5:$I5,カード一覧!$A$2:$A$41)*(カード一覧!$N$2:$N$41="A")) | K5: =SUMPRODUCT(COUNTIF($B5:$I5,カード一覧!$A$2:$A$41)*(カード一覧!$N$2:$N$41="B")) | L5: =SUMPRODUCT(COUNTIF($B5:$I5,カード一覧!$A$2:$A$41)*(カード一覧!$N$2:$N$41="C")) | M5: =IF(COUNTA(B5:I5)=0,"",IF(COUNTA(B5:I5)<設定!$B$9,"カードが足りません（"&COUNTA(B5:I5)&"枚）",IF(COUNTA(B5:I5)>設定!$B$9,"カードが多すぎます",IF(J5>設定!$B$10,"Aランクが多すぎます",IF(K5>設定!$B$11,"Bランクが多すぎます",IF(L5>設定!$B$12,"Cランクが多すぎます","OK"))))))
J6: =SUMPRODUCT(COUNTIF($B6:$I6,カード一覧!$A$2:$A$41)*(カード一覧!$N$2:$N$41="A")) | K6: =SUMPRODUCT(COUNTIF($B6:$I6,カード一覧!$A$2:$A$41)*(カード一覧!$N$2:$N$41="B")) | L6: =SUMPRODUCT(COUNTIF($B6:$I6,カード一覧!$A$2:$A$41)*(カード一覧!$N$2:$N$41="C")) | M6: =IF(COUNTA(B6:I6)=0,"",IF(COUNTA(B6:I6)<設定!$B$9,"カードが足りません（"&COUNTA(B6:I6)&"枚）",IF(COUNTA(B6:I6)>設定!$B$9,"カードが多すぎます",IF(J6>設定!$B$10,"Aランクが多すぎます",IF(K6>設定!$B$11,"Bランクが多すぎます",IF(L6>設定!$B$12,"Cランクが多すぎます","OK"))))))
J7: =SUMPRODUCT(COUNTIF($B7:$I7,カード一覧!$A$2:$A$41)*(カード一覧!$N$2:$N$41="A")) | K7: =SUMPRODUCT(COUNTIF($B7:$I7,カード一覧!$A$2:$A$41)*(カード一覧!$N$2:$N$41="B")) | L7: =SUMPRODUCT(COUNTIF($B7:$I7,カード一覧!$A$2:$A$41)*(カード一覧!$N$2:$N$41="C")) | M7: =IF(COUNTA(B7:I7)=0,"",IF(COUNTA(B7:I7)<設定!$B$9,"カードが足りません（"&COUNTA(B7:I7)&"枚）",IF(COUNTA(B7:I7)>設定!$B$9,"カードが多すぎます",IF(J7>設定!$B$10,"Aランクが多すぎます",IF(K7>設定!$B$11,"Bランクが多すぎます",IF(L7>設定!$B$12,"Cランクが多すぎます","OK"))))))
J8: =SUMPRODUCT(COUNTIF($B8:$I8,カード一覧!$A$2:$A$41)*(カード一覧!$N$2:$N$41="A")) | K8: =SUMPRODUCT(COUNTIF($B8:$I8,カード一覧!$A$2:$A$41)*(カード一覧!$N$2:$N$41="B")) | L8: =SUMPRODUCT(COUNTIF($B8:$I8,カード一覧!$A$2:$A$41)*(カード一覧!$N$2:$N$41="C")) | M8: =IF(COUNTA(B8:I8)=0,"",IF(COUNTA(B8:I8)<設定!$B$9,"カードが足りません（"&COUNTA(B8:I8)&"枚）",IF(COUNTA(B8:I8)>設定!$B$9,"カードが多すぎます",IF(J8>設定!$B$10,"Aランクが多すぎます",IF(K8>設定!$B$11,"Bランクが多すぎます",IF(L8>設定!$B$12,"Cランクが多すぎます","OK"))))))
J9: =SUMPRODUCT(COUNTIF($B9:$I9,カード一覧!$A$2:$A$41)*(カード一覧!$N$2:$N$41="A")) | K9: =SUMPRODUCT(COUNTIF($B9:$I9,カード一覧!$A$2:$A$41)*(カード一覧!$N$2:$N$41="B")) | L9: =SUMPRODUCT(COUNTIF($B9:$I9,カード一覧!$A$2:$A$41)*(カード一覧!$N$2:$N$41="C")) | M9: =IF(COUNTA(B9:I9)=0,"",IF(COUNTA(B9:I9)<設定!$B$9,"カードが足りません（"&COUNTA(B9:I9)&"枚）",IF(COUNTA(B9:I9)>設定!$B$9,"カードが多すぎます",IF(J9>設定!$B$10,"Aランクが多すぎます",IF(K9>設定!$B$11,"Bランクが多すぎます",IF(L9>設定!$B$12,"Cランクが多すぎます","OK"))))))
J10: =SUMPRODUCT(COUNTIF($B10:$I10,カード一覧!$A$2:$A$41)*(カード一覧!$N$2:$N$41="A")) | K10: =SUMPRODUCT(COUNTIF($B10:$I10,カード一覧!$A$2:$A$41)*(カード一覧!$N$2:$N$41="B")) | L10: =SUMPRODUCT(COUNTIF($B10:$I10,カード一覧!$A$2:$A$41)*(カード一覧!$N$2:$N$41="C")) | M10: =IF(COUNTA(B10:I10)=0,"",IF(COUNTA(B10:I10)<設定!$B$9,"カードが足りません（"&COUNTA(B10:I10)&"枚）",IF(COUNTA(B10:I10)>設定!$B$9,"カードが多すぎます",IF(J10>設定!$B$10,"Aランクが多すぎます",IF(K10>設定!$B$11,"Bランクが多すぎます",IF(L10>設定!$B$12,"Cランクが多すぎます","OK"))))))
J11: =SUMPRODUCT(COUNTIF($B11:$I11,カード一覧!$A$2:$A$41)*(カード一覧!$N$2:$N$41="A")) | K11: =SUMPRODUCT(COUNTIF($B11:$I11,カード一覧!$A$2:$A$41)*(カード一覧!$N$2:$N$41="B")) | L11: =SUMPRODUCT(COUNTIF($B11:$I11,カード一覧!$A$2:$A$41)*(カード一覧!$N$2:$N$41="C")) | M11: =IF(COUNTA(B11:I11)=0,"",IF(COUNTA(B11:I11)<設定!$B$9,"カードが足りません（"&COUNTA(B11:I11)&"枚）",IF(COUNTA(B11:I11)>設定!$B$9,"カードが多すぎます",IF(J11>設定!$B$10,"Aランクが多すぎます",IF(K11>設定!$B$11,"Bランクが多すぎます",IF(L11>設定!$B$12,"Cランクが多すぎます","OK"))))))
A13: ※ ポケモンカード8枚ぶんの「カード一覧」のNo.を入れます。同じカードを2枚入れるときは、同じNo.を2回入れます。
